,,1104609286,,,,Jayo
,,1186896607,5387017323,9 Carey Court,kadamed@cornell.edu,Shufflester
,,1354630605,3942961448,4 Jenifer Place,smussard4m@eventbrite.com,Zava
,,1387064399,,,,Fivechat
,,1491414477,,,,Fiveclub
,,1938071206,1491176002,13 Russell Court,bwindebank92@marriott.com,Realbuzz
,,1958658324,6167860912,64 Nancy Lane,leasongs@e-recht24.de,Plambee
,,2008479091,,,,Zoomlounge
,,2321413066,8567321252,6911 Stephen Road,jschroderbq@sfgate.com,Browsetype
,,2405588649,,,,Thoughtmix
,,2425434227,8916455743,12 Londonderry Point,fbevis1v@dyndns.org,Vimbo
,,2726319376,,,,Eayo
,,2731798585,,,,Aimbu
,,2942376436,,,,Yakijo
,,2966051422,,,,Edgeify
,,3093943342,,,,Livepath
,,3136947000,4515140719,24003 Acker Junction,mcusiterdl@paginegialle.it,Fiveclub
,,3148548840,1224900451,6 Quincy Way,rmazzeybh@eepurl.com,Realbuzz
,,3151602528,7235735690,76 Granby Hill,tmacbrearty2e@yahoo.co.jp,Gigazoom
,,3302422904,,,,Edgeify
,,3381985755,3875724729,473 Packers Street,bgalloway2s@hp.com,Npath
,,3497608315,,,,Buzzbean
,,3703003908,2306209159,9019 Onsgard Parkway,jfrederq@surveymonkey.com,Skivee
,,3754751560,,,,Buzzbean
,,3783744423,5944848011,61 Delaware Center,meffauntc4@blogger.com,Rhybox
,,3795141543,,,,Realbuzz
,,3816983731,1881056732,2 Basil Court,cbiasottind@feedburner.com,Buzzbean
,,3835002587,,,,Meemm
,,3982598795,4338558901,8 Nelson Trail,kwiddowson70@twitpic.com,Gigazoom
,,4046630095,,,,Tanoodle
,,4366735163,4072995229,790 Talmadge Pass,ceynonat@yale.edu,Meejo
,,4409439842,6543689712,40 Acker Street,adeleonog@123-reg.co.uk,Zoombox
,,4474896661,4281379337,870 Lakewood Hill,zannandld@comcast.net,Teklist
,,4547195553,,,,Cogilith
,,4672440556,,,,Centimia
,,4809347164,,,,Eazzy
,,4887330654,6854566895,51 Moulton Court,mtomkindb@netscape.com,Zoomlounge
,,4972019594,,,,Npath
,,5015251431,9719699611,308 Westport Lane,gjeroschc7@usnews.com,Aivee
,,5033221540,7222220209,8 Esch Trail,zdrinkhall8p@pen.io,Fliptune
,,5078125443,8513320754,203 5th Trail,mmcauslandp0@parallels.com,Feedspan
,,5238929052,9332024600,456 Paget Road,sshankleia@eepurl.com,Flashdog
,,5292071711,5462479340,9842 Hermina Place,lmacalpynelb@house.gov,Kazio
,,5485846931,,,,Gigazoom
,,5552426518,9433347781,9 Old Gate Court,bmorsheadap@apple.com,Babblestorm
,,5746342855,,,,Linktype
,,5788613834,4242669865,837 Corscot Lane,rcircuitt2g@instagram.com,Zoomcast
,,5813415948,,,,Topicblab
,,6104256577,,,,Mydeo
,,6129477031,,,,Voonyx
,,6367988795,,,,Skinder
,,6627293277,1256207642,0102 Lake View Parkway,drichardondu@amazonaws.com,Mymm
,,6819401505,2812914312,3676 Kings Terrace,oohoeyj@globo.com,Zava
,,6828710269,,,,Agivu
,,6913771017,,,,Jayo
,,6925182241,,,,JumpXS
,,6941137257,5076305365,2615 Prentice Plaza,shamlyns@usa.gov,Bubbletube
,,6976628077,,,,Zava
,,7059410690,9597323348,83 Pepper Wood Parkway,mollern2@usa.gov,Livepath
,,7121864274,,,,Meejo
,,7241857524,,,,Oyoba
,,7267599741,,,,Aimbu
,,7387813183,,,,Youopia
,,7428203837,,,,Eabox
,,7518644369,,,,Buzzbean
,,7545011945,1089546570,37 Bluejay Alley,cnairy66@1688.com,Trupe
,,7636901295,,,,Skinix
,,7637849771,6201980100,9969 Erie Parkway,afynane7@cnbc.com,Voonyx
,,7685162693,,,,Skivee
,,7814577100,9166036420,68115 Kim Street,cvittoreno@techcrunch.com,Buzzbean
,,7821719246,,,,Linkbridge
,,7882465863,4806239136,702 Upham Point,lkemberx@tripod.com,Fadeo
,,8051605962,7258244792,107 Village Green Crossing,idyton60@fotki.com,Thoughtstorm
,,8299855668,6032934611,3 Harper Place,kvarga86@feedburner.com,Bubbletube
,,8538447902,1434649396,50795 Lyons Street,rmurrownu@about.me,Buzzbean
,,8587579084,7302555781,967 Center Junction,twitteringke@last.fm,Rooxo
,,8855598612,7631525036,9262 Dunning Way,croseveare2x@a8.net,Feednation
,,8878006732,,,,Fiveclub
,,8939079774,2074165833,259 Hooker Crossing,dscolts1g@xing.com,Fivechat
,,8969756679,,,,Yamia
,,9042243603,,,,Feedfish
,,9308134481,,,,Linklinks
,,9317933695,,,,Jazzy
,,9504858595,2324293922,61 Ridgeview Way,rlintall2u@nydailynews.com,Npath
,,9639569650,,,,Rhybox
,,9723980248,,,,Youspan
,,9836324852,,,,Jayo
,,9909757952,7291375828,283 Logan Hill,tburhillg1@sun.com,Skidoo
,,9917320155,2295057897,2522 Sachtjen Drive,hcroxallcx@imgur.com,Youbridge
,,9917415244,,,,Flashdog
Abbey,Bevens,4294583770,3387136343,6 Butternut Hill,abevensl7@eventbrite.com,Voolith
Abbi,Yankin,1044287767,,,,Eabox
Abby,Jorgesen,5896738878,,,,Twitterlist
Abby,Rowet,2897024287,7967017320,1206 Arkansas Circle,arowetr2@tripod.com,Wikizz
Abdul,Torregiani,3958398385,,,,Fivechat
Adan,Colcomb,6152631169,1083149112,50 Prairieview Street,acolcombgw@1und1.de,Plambee
Adda,Whitcombe,5668893951,,,,Fanoodle
Adiana,Amerighi,5399614024,1529941902,3 Claremont Plaza,aamerighiro@hostgator.com,Skivee
Adolphe,Durant,3563036603,2732231085,5 Swallow Pass,adurantnf@ca.gov,Buzzbean
Adrien,Farre,1417696874,,,,Skinix
Aeriela,Mingus,3527161243,,,,Youopia
Aeriela,Van den Velden,8625052671,9579937258,49831 Nevada Center,avandenvelden6a@uiuc.edu,Aimbo
Agatha,Landells,6006250604,5133963409,90271 Pearson Hill,alandellsb8@hao123.com,Voonyx
Agnesse,Hentze,7459214451,6675337383,603 Sutherland Street,ahentzehb@sogou.com,Plambee
Agnesse,Quinnette,6397010882,8779817066,9865 Petterle Parkway,aquinnettee3@scribd.com,Thoughtblab
Aile,Boner,3293525767,4053740923,5821 Gulseth Hill,abonerqm@china.com.cn,Jaxspan
Alden,Chimenti,3975371779,,,,Photolist
Alejoa,Edward,2052105851,6487305198,422 Rieder Court,aedward81@nytimes.com,Shufflester
Alex,Charrisson,3158398056,1286717542,5638 Mitchell Junction,acharrisson43@webs.com,Geba
Alex,Teissier,6592583761,1121159893,78641 Eastwood Junction,ateissiercf@free.fr,Yamia
Alexander,McCorkell,1196084344,7258806792,11 Crownhardt Hill,amccorkell24@jimdo.com,Quimba
Alexandrina,Veltmann,1852771000,,,,Aivee
Alexei,Denney,7186179490,5139590795,6 Mariners Cove Terrace,adenneydp@joomla.org,Fiveclub
Alexia,Ayce,6272635589,,,,Muxo
Alfi,Chesnut,3373743315,,,,Flashset
Alfonso,Gorrissen,6712271567,,,,Wordpedia
Alfred,Babbage,6255966780,,,,Roomm
Allegra,Michele,9663164553,,,,Voonyx
Alonso,Gaffney,4161612631,4084057434,957 Sutteridge Crossing,agaffneyji@wordpress.com,Youfeed
Aluin,McQuade,3503556369,7059987784,94 Toban Drive,amcquadegu@cnbc.com,Plambee
Aluin,Whitelock,1567356055,4103097923,1 Butterfield Avenue,awhitelock5m@dedecms.com,Bubblemix
Aluino,M'cowis,6087226172,,,,Realcube
Alyosha,Woltman,2075057406,,,,Plambee
Amabelle,O' Shea,1974270710,6342053044,172 Redwing Crossing,aosheada@ovh.net,Zoomlounge
Amalia,Nurden,7327978307,,,,Buzzbean
Amargo,Parkinson,2287094954,,,,Gevee
Amata,Solway,4165916396,8368837914,82975 Raven Circle,asolwayae@theatlantic.com,Cogilith
Ambrosi,Ewells,5795175411,1551544193,462 Mendota Plaza,aewellsgc@buzzfeed.com,Centimia
Amelia,Churcher,5235426133,,,,Fanoodle
Anabel,Dosdale,6154111459,,,,Aimbu
Anders,Cordsen,4731688518,7814996171,981 Moose Lane,acordsenck@about.me,Fanoodle
Andrej,Turnock,7969663951,,,,Voolith
Angele,Kayzer,6806801095,7363407824,382 Maryland Street,akayzerin@dedecms.com,Twitterlist
Angeline,Harley,4349430801,5213502147,505 Brentwood Court,aharleyhg@moonfruit.com,Twimbo
Angelle,Frayn,3058077004,8842350571,661 Green Hill,afraynmz@apache.org,Livepath
Anitra,Commings,6157677885,,,,Skinix
Anna-maria,Stouther,8518237972,,,,Brainbox
Anne-corinne,Hoy,5731174701,4937349079,0 Katie Center,ahoyky@t-online.de,Youspan
Annmaria,Shalders,2272818087,7317691993,9 Kropf Alley,ashalders4f@dion.ne.jp,Zava
Annnora,Probin,5806527051,,,,Centimia
Ansell,Meadus,7993003762,7027568759,864 Hovde Road,ameadusne@craigslist.org,Buzzbean
Antoine,Ziem,9314542352,,,,Aimbu
Antone,Gadney,2206041305,3714607378,2453 Riverside Terrace,agadneypr@soundcloud.com,Tazz
Antonina,Giampietro,8681890513,,,,Blogspan
Antonio,Adicot,1149780714,,,,Gabspot
Antonius,Coyte,1939470245,,,,Buzzbean
Archibaldo,Bugler,9466449761,1412682311,85 Debs Parkway,abuglery@facebook.com,Edgeify
Archibaldo,Crus,3605049299,4196197909,7 Garrison Parkway,acrus5o@wordpress.com,Bubblemix
Arie,Videan,6552650441,,,,Flashdog
Ariela,McConnachie,1737253544,1604435908,62371 3rd Alley,amcconnachieha@irs.gov,Plambee
Arlee,Levis,2898112162,,,,Roomm
Arlette,Conrad,2612264207,,,,Gigazoom
Ash,Zottoli,7577226050,,,,Centidel
Ashbey,Castanos,7368211494,3101756877,9 Pankratz Pass,acastanos3g@mail.ru,Wikido
Ashby,Wysome,6899060896,7342406243,7 Kedzie Court,awysome23@uiuc.edu,Quimba
Ashla,Seale,4826180826,,,,Linklinks
Ashton,Eshmade,3504586958,2788817858,05892 Buhler Alley,aeshmadea1@skype.com,Tagopia
Ashton,Parham,5365050772,9248769757,372 Annamark Terrace,aparham6r@toplist.cz,Gigazoom
Aubert,MacNeilly,4208973070,,,,Yakijo
Audra,Baglow,9581534101,,,,Bubblemix
Augustine,Giacobillo,8519931204,,,,Aimbu
Augustine,Morrill,9224831437,,,,Mydeo
Augusto,Eberz,9776910458,,,,Thoughtstorm
Aurelea,Gonet,3412270764,8024650533,83956 Comanche Junction,agonetgd@arstechnica.com,Centimia
Aurelia,Bowditch,3327517188,3568437400,21 Twin Pines Point,abowditchg5@1und1.de,Skidoo
Aurlie,Duckitt,4948572868,2801886603,9005 Rigney Crossing,aduckittga@blogger.com,Centimia
Aurthur,McGarva,7881331235,3168549593,63 Mitchell Hill,amcgarva8o@netvibes.com,Fliptune
Avie,Ferrant,3511203629,2272813440,218 Fairview Way,aferrantaj@weibo.com,Rhyloo
Avie,Nineham,9233975088,2809842994,412 Mosinee Parkway,aninehamm9@mashable.com,Youtags
Avram,Roseburgh,2324950284,,,,Yamia
Axel,Mattimoe,1001842882,7918309819,48 Maywood Park,amattimoeri@slate.com,Eayo
Bailey,Dalgety,4608006619,,,,Aimbo
Bailie,Dive,4623664833,,,,Meemm
Bamby,Emmanuele,5206914107,5364028192,1560 Milwaukee Plaza,bemmanuele6g@squidoo.com,Meemm
Barbie,Quare,9083953462,7998874608,123 Brentwood Point,bquarecq@hibu.com,Aivee
Barnaby,Tollit,1899002801,,,,Youopia
Barney,Bowerman,5858633703,4791451074,9 Reinke Place,bbowermanrm@qq.com,Skivee
Barny,Mussolini,7593755543,,,,Twitternation
Barron,Bellis,9437870383,,,,Aimbu
Baryram,Gencke,3826166560,8547205849,20 3rd Crossing,bgenckef8@wikia.com,Pixonyx
Basile,Zorener,9753676233,,,,Aivee
Bathsheba,Maghull,5122788477,,,,Riffpath
Bel,Crambie,5543695661,,,,Trilia
Bella,Cowles,9431200549,,,,Vipe
Benedicto,Harrell,3593335849,6195250979,63 Milwaukee Place,bharrellfc@howstuffworks.com,Riffpath
Benoite,Clutheram,2604385662,3407026554,8613 Mockingbird Alley,bclutheramg9@imgur.com,Centimia
Benoite,De Bruin,6267774957,8716484496,3280 Tennyson Crossing,bdebruinfu@lycos.com,Trudoo
Bent,Cluatt,2145754022,8592871546,45327 Heffernan Avenue,bcluattjx@adobe.com,Ainyx
Beret,Rebichon,8664775873,,,,Skippad
Berkeley,Banaszewski,1549408004,,,,Eazzy
Berkeley,Dablin,5654747020,,,,Bubblemix
Berkie,Ravenhills,7015047121,6035164551,4199 8th Drive,bravenhillsfs@icio.us,Zoozzy
Bernadene,Lankford,4315949958,8759183439,0470 Lerdahl Point,blankfordge@list-manage.com,Centimia
Bernie,Trebilcock,5703028352,,,,Ntag
Beryle,Legan,1572491778,,,,Shufflester
Betsey,Kohrs,9017941558,,,,Trupe
Bevan,Lafford,7144912019,,,,Youfeed
Billy,Spinige,3012229473,,,,Shufflester
Blakeley,Clemett,3643010271,,,,Zoomzone
Blanca,Hogsden,6404755306,6768259063,65 Scott Street,bhogsdenhp@seattletimes.com,Zoomlounge
Blondelle,Dell 'Orto,3475371943,7888067463,64795 Mccormick Pass,bdellorto3d@hao123.com,Roomm
Boigie,Esterbrook,3215043724,5698585884,0850 Memorial Drive,besterbrookca@pen.io,Aivee
Bond,Hegg,6003722750,,,,Eazzy
Bondy,Ricard,7167219250,,,,Twitternation
Bran,LaBastida,7615660303,,,,Vidoo
Bran,Wollaston,8808560337,4139354218,7 Gateway Road,bwollastonku@free.fr,Geba
Branden,Ebertz,3895108345,,,,Photobug
Brandice,De Fraine,8431749839,,,,Buzzbean
Brandise,Simnor,8197072927,8731244280,49 Monterey Point,bsimnor2y@umn.edu,Feednation
Brandy,Cammidge,4643200156,,,,Plambee
Brandy,Gogay,8079481462,,,,Jaxworks
Brendan,Cramer,5617189805,8294599960,0 Summit Center,bcramer7a@washington.edu,Yotz
Brigida,Oxtoby,4864033146,9209989766,606 Mallard Street,boxtobyjo@etsy.com,Yakitri
Brigitte,Eggerton,2642528738,,,,Browsedrive
Britni,Spriddle,7119305846,,,,Yadel
Brittni,Jaimez,7613749644,,,,Mymm
Broddy,Hamil,6286577712,2178545143,6 Marquette Alley,bhamil5e@upenn.edu,Devbug
Broderic,Dane,1268799567,,,,Gigazoom
Buckie,Jeenes,5972595529,,,,Yakijo
Bucky,Bertolin,8728371300,1161933658,44560 Sutherland Road,bbertolinrn@eepurl.com,Skivee
Bud,Ashforth,3432865075,,,,Tanoodle
Buiron,Mulryan,1135024388,6072597021,3 Onsgard Way,bmulryan3r@nationalgeographic.com,Kazio
Bunnie,Gimblett,9145073795,,,,Miboo
Burl,Barley,8165611586,,,,Eare
Byron,Humphery,9853837663,,,,Flashdog
Caddric,Kirvell,9385069870,5252947426,37409 Coolidge Circle,ckirvellg7@hibu.com,Skidoo
Camala,Baudry,1053356296,7181659865,27003 Vera Pass,cbaudrykx@bigcartel.com,Youspan
Camella,Zanicchelli,2281344298,7651787079,1 Fieldstone Drive,czanicchellia7@cbsnews.com,Meetz
Cameron,Feehily,3042930128,4657442201,46301 Oriole Road,cfeehilymu@t.co,Bubblemix
Cami,Dudhill,8445906195,8787458218,5140 Upham Lane,cdudhillar@princeton.edu,Meejo
Cammy,Laird-Craig,8083605825,6322647272,09440 Schmedeman Street,clairdcraignv@miitbeian.gov.cn,Jazzy
Caritta,Andrin,5168028057,5959209166,80210 Cody Parkway,candrin9o@de.vu,Meedoo
Carlee,Izkovicz,5339567376,,,,Roomm
Carly,Hegden,5244596831,8325444222,45 Roxbury Terrace,chegdenlv@t-online.de,Mydeo
Carolyn,Ritmeier,6633549060,7672117410,5 Esch Street,critmeier7q@photobucket.com,Gevee
Carrie,Humble,5775358987,,,,Buzzbean
Carry,Abernethy,2328367477,,,,Eayo
Carver,Trebilcock,9136192014,,,,Devpoint
Casar,Brockway,4277638232,9789344662,7 Claremont Avenue,cbrockwayny@devhub.com,Skinix
Cassandra,Philpot,9661065511,,,,Eamia
Cassi,Daughtery,6202102951,,,,Realbuzz
Catherine,Coslitt,3235644107,,,,Yakijo
Cathy,Gorringe,7931390160,9518989350,765 Eastwood Lane,cgorringem4@netscape.com,Mydeo
Catie,Pieterick,1007680183,4907618759,761 Straubel Junction,cpieterick6u@nymag.com,Gigazoom
Catina,Tempest,5164016936,,,,Camido
Caz,Hughf,6231734129,3567039072,47 Heffernan Terrace,chughfqj@typepad.com,Centidel
Cece,Scapens,4924330712,,,,Bubblemix
Cecelia,Caiger,7471235039,,,,Eare
Cecilla,Blaxley,9462932301,,,,Bubblemix
Chadd,Manass,7368027328,,,,Realblab
Chantal,Gilluley,9904918683,,,,Youbridge
Chantal,Roft,4664630599,,,,Gabspot
Charissa,Stern,7949084693,6449226109,4 Karstens Hill,csternjc@marriott.com,Lazzy
Charlean,Eplate,8328457007,2756173208,61658 Westport Trail,ceplateby@sciencedaily.com,Rhybox
Charlene,Halt,4719107723,7888510266,93493 Hooker Point,chaltkh@foxnews.com,Thoughtmix
Charmine,Whylie,1346513459,,,,Eayo
Charmion,Bussell,1533255984,9787902783,12 Hayes Lane,cbussell3m@shinystat.com,Tambee
Chaunce,Lamberton,6957797499,4408599942,31 Golf View Road,clambertonpz@senate.gov,Realblab
Cherry,Balding,7322658544,,,,Feedfire
Chicky,Pott,9359599609,8316305559,796 Tennyson Street,cpott61@ow.ly,Thoughtstorm
Chiquita,Clemow,5529099019,2751665118,2 Prairieview Lane,cclemow5p@intel.com,Bubblemix
Chiquita,Kittles,4928920181,7564754437,97208 Acker Avenue,ckittles6d@deliciousdays.com,Aimbo
Chrissie,Bartol,4948463057,8564580289,07 Leroy Drive,cbartol48@unesco.org,Geba
Chrissie,Prisk,9438310949,5571009156,4709 Vahlen Terrace,cpriske5@stumbleupon.com,Shufflester
Christan,Hallifax,9755535565,,,,Livetube
Christiane,Le Ball,5022052102,,,,Buzzbean
Christophe,Withrington,7192247306,9596169884,96 Daystar Drive,cwithringtonr8@flickr.com,Aimbo
Christyna,Aleksankov,1555494363,,,,Minyx
Cirstoforo,McLoughlin,1822300215,,,,Trilia
Cirstoforo,Tieraney,9003808358,,,,Demimbu
Clarey,Dyster,6672148131,,,,Yakijo
Claudia,Murie,9191790734,,,,Brainbox
Claudian,Newlands,5944823541,,,,Aivee
Clayborne,Klimkowski,4932583610,,,,Aimbu
Clea,Itzhaki,8756317995,,,,Leenti
Clem,Botterell,1835563009,4017496164,35 Northridge Place,cbotterelll5@zdnet.com,Mynte
Clemente,Albers,5926646400,,,,Rhyloo
Clementia,Ikringill,2534564877,,,,Realcube
Clemmie,Doyley,8825390733,,,,Fivechat
Cloe,Monteath,7409009904,,,,Zoomlounge
Cob,Faithorn,3359977400,,,,Fanoodle
Cobby,Lucius,6816180492,7482428772,984 Daystar Street,clucius9n@cnet.com,Meedoo
Conan,Bert,4583753042,,,,Divanoodle
Conant,Swannick,3155540712,6227271303,6 Walton Pass,cswannickq1@sun.com,Realblab
Conrado,Camell,4513018314,9253893491,8871 Eliot Trail,ccamell75@earthlink.net,JumpXS
Coop,Lippiello,7818209080,3788686743,0440 Thompson Point,clippiello9g@prnewswire.com,LiveZ
Coralie,Dahler,2333608503,4421617567,78 Golden Leaf Terrace,cdahlerj5@sfgate.com,Avamm
Corby,Guise,3619422644,3194506097,6 Kenwood Drive,cguise5i@cnbc.com,Bubblemix
Cordelia,Poker,2797780012,,,,Realbuzz
Cordula,Reckless,5566321889,,,,Devpoint
Corella,Russo,4218453726,7308604258,3 Alpine Junction,crussoa3@phoca.cz,Blogpad
Corly,Lutwidge,8752680784,,,,Roomm
Corny,Marriot,8914724194,1453242925,0 Hermina Alley,cmarriot27@globo.com,Buzzbean
Corrina,McGerr,3972751327,9248526521,449 Ronald Regan Road,cmcgerrmb@ezinearticles.com,Youtags
Cosmo,Purrier,9961418923,,,,Eazzy
Craggy,Follen,3878920688,,,,Zoomlounge
Crin,Benez,2429383402,,,,Fivechat
Cris,Heed,3984770725,7494613426,34901 Melby Road,cheedko@dyndns.org,Skinix
Crissie,Noquet,3095318090,,,,Eadel
Crista,Belward,4385911274,,,,Oyope
Cullan,Matzke,8356750742,,,,Tavu
Curry,Dingle,2606737596,1068789826,2764 Tennyson Center,cdinglepb@alexa.com,Twinder
Curtis,Males,9257670903,,,,Yakijo
Cybill,Elsom,9189617065,,,,Trupe
Cyndia,Asp,8939294444,4373813527,06 Washington Alley,caspgr@youku.com,Plambee
Cyndia,Constanza,7728917220,7512395477,430 Bashford Park,cconstanza90@google.co.jp,Realbuzz
Dael,Leggon,5153912377,,,,Fivechat
Daisie,Francescotti,2712825157,9091822314,3 Lillian Way,dfrancescottio7@fotki.com,Snaptags
Dalia,Lambot,3119622580,,,,Realbuzz
Dalt,Toun,6187056199,5348261308,1 North Drive,dtounq4@rediff.com,Dabfeed
Danie,Longmate,7931508170,6728795841,47034 Forest Court,dlongmatefo@zdnet.com,Yoveo
Darb,Schuchmacher,1563742233,7378069832,35732 Northwestern Terrace,dschuchmachern@over-blog.com,Meemm
Darcy,Bourthouloume,2038299682,,,,Eayo
Davis,Manhood,1022322173,8138002021,6243 Colorado Point,dmanhoodo2@istockphoto.com,Realbuzz
Deane,Lathaye,5618948376,5036998522,250 Ridgeview Plaza,dlathaye1y@forbes.com,Vimbo
Debbi,Doram,5705650937,3833830851,7504 Dorton Hill,ddoramkq@pen.io,Vidoo
Del,Crangle,2934476818,4857875448,4291 Lyons Drive,dcrangleaw@wikimedia.org,Meejo
Delora,Chapiro,2081410648,1238217971,246 Tennessee Avenue,dchapiro4y@lulu.com,Realbuzz
Delores,Hazart,9969533401,,,,Babbleblab
Delphinia,Zorro,2277110393,6344813386,3 Aberg Junction,dzorroek@merriam-webster.com,Fivechat
Demetra,Blandford,7236870684,,,,Youtags
Demetris,Lyffe,3254753987,,,,Eamia
Denis,Jepson,1777682249,1625378944,28783 Bluejay Place,djepson77@mayoclinic.com,Abatz
Dev,Harewood,2966071471,6533020354,04210 Dapin Road,dharewood1@liveinternet.ru,Mydeo
Devlin,Oby,7115738973,,,,Cogilith
Dex,Jorin,8804775432,,,,Meejo
Dianne,Santen,1652440237,1176348503,4268 Duke Alley,dsantenf5@a8.net,Jazzy
Dilan,Pennell,9114448217,,,,Realbuzz
Dino,Baxstare,4806396708,,,,Centidel
Dion,Tomczak,8666709363,,,,Quatz
Dirk,Kuschke,9404432380,2609740466,83 Sutherland Park,dkuschkehx@yale.edu,Thoughtstorm
Dody,Pearcehouse,6954932207,,,,Cogilith
Dolorita,Parncutt,5536810948,,,,Realbuzz
Domeniga,Llop,2223657168,,,,Lazzy
Donaugh,Worrell,8262352645,,,,Zava
Donn,Beardon,3748304366,,,,Yamia
Donn,Schutte,7246114182,,,,Tanoodle
Donnell,Ormshaw,2123021577,,,,Wikivu
Donnie,Blackborow,7386094120,5176271579,3 Lunder Point,dblackborowni@businesswire.com,Buzzbean
Donny,Jaine,1823856232,,,,Yakijo
Donny,Linsay,3579172858,,,,Eamia
Dorolisa,Yurov,8844655235,,,,Oloo
Dorri,Parmenter,3635599814,4197497057,788 Farragut Plaza,dparmenter1n@wikia.com,Vimbo
Dorthea,Scrafton,5254726845,,,,Linktype
Drona,Garrity,7255379350,9333119993,5 Bultman Way,dgarrityoq@biglobe.ne.jp,Quamba
Drona,Scanes,4089126691,9169504996,94 Bashford Crossing,dscanesje@live.com,Oyoba
Drucie,McCloch,1925529118,8392322896,66007 Dexter Way,dmccloched@sciencedirect.com,Fivechat
Drucy,McLardie,1832155707,8814675145,0665 Pearson Crossing,dmclardienx@nationalgeographic.com,Yodel
Dudley,Gilhooly,2402452148,,,,Edgeclub
Duke,Stanyland,9015816647,5666663448,20854 Chinook Trail,dstanyland9d@unesco.org,Talane
Dukey,Lowensohn,1537846242,,,,Feedspan
Dulcia,Bedinham,1338853507,2541174689,94730 Northview Point,dbedinham8f@blogtalkradio.com,Eare
Dunn,Pickerin,8559515387,7499044461,85511 West Terrace,dpickerinik@qq.com,Babbleblab
Dwayne,Moakler,7538376674,,,,Chatterbridge
Dyanne,Ivannikov,2962554753,9058614086,463 Superior Lane,divannikovk6@dropbox.com,Realbuzz
Eba,Piatti,8402821834,,,,Miboo
Ebba,Ricciardelli,7692301318,3332981639,21 Darwin Terrace,ericciardelli7f@last.fm,Yotz
Ebeneser,Le Barr,3869002429,,,,Fivechat
Eberhard,Huckett,8291919591,4461453851,63604 Bunker Hill Trail,ehuckett55@twitpic.com,Aimbu
Edlin,Breache,2629881598,,,,Realbuzz
Ekaterina,Coners,6799776521,2271041424,90314 Hoepker Center,econersm3@stumbleupon.com,Mydeo
Eldridge,Cardno,6853765503,,,,Thoughtmix
Elisabeth,Bleibaum,4766134044,,,,Trudoo
Elka,Whenham,9808074620,,,,Fivechat
Ellery,Mewburn,3384447547,,,,Devpoint
Elliot,Rickesies,6731861111,9022203123,40399 Wayridge Alley,erickesies8k@dropbox.com,Voomm
Ellsworth,Feragh,2711372291,4614464103,2911 Dennis Plaza,eferagh1a@wix.com,Quamba
Ellynn,Matteini,6223451502,1329905665,152 Kropf Parkway,ematteiniao@privacy.gov.au,Wikizz
Elmo,Tofpik,1652079471,,,,Oloo
Elspeth,Gerren,9367336877,8874925976,855 Loomis Terrace,egerren40@google.it,Ntag
Elvin,Kensitt,4428057979,,,,Wikizz
Elwira,Lodwick,8838920974,,,,Rhybox
Emelia,Fishpool,4934180063,2839041027,29 Lakeland Pass,efishpoolpe@theguardian.com,Voomm
Emera,Malt,2369279905,,,,Agivu
Emmalynne,Cozens,4393652507,8686400991,02172 Ridgeway Avenue,ecozens13@plala.or.jp,Edgeify
Emmey,Jouhandeau,6671415028,,,,Zoomzone
Emyle,Ludewig,2306199247,9384122769,2753 Corry Trail,eludewig3u@jimdo.com,Kazio
Erastus,Cornil,8441828273,,,,Gigazoom
Erastus,Rothert,6028561576,8133762864,29 Summerview Lane,erothertrf@dot.gov,Linklinks
Erinna,Finder,6794808512,,,,Rhybox
Erinna,O'Haire,2263814161,,,,Yakijo
Ermengarde,Stopforth,1308379964,6695508355,82 Blue Bill Park Drive,estopforthob@cdbaby.com,Quatz
Ermentrude,Kristoffersson,3579174459,8555966455,160 Moose Road,ekristoffersson73@princeton.edu,Gigazoom
Erna,Garrett,9548776818,8131482633,38779 Center Trail,egarrett8s@trellian.com,Dynava
Ernesta,Ranns,1001877046,2741150054,697 Center Way,eranns9c@clickbank.net,Talane
Esdras,Letterese,5955223625,,,,Eabox
Esdras,Renackowna,2643141315,,,,Zooveo
Essy,Stopforth,4553830872,,,,Buzzbean
Eugen,Makiver,5175960190,7037196798,03 Chive Circle,emakiverio@yahoo.com,Twitterlist
Everett,Thurstance,6523959054,4654492574,84 Northridge Parkway,ethurstancerr@nps.gov,Skivee
Evey,MacIver,5689812960,,,,Shufflester
Evita,Prewer,5344487904,,,,Agivu
Eward,Jerrams,3616183181,,,,Roodel
Eyde,Coppledike,9242896080,7554296625,918 Mosinee Trail,ecoppledikea0@addthis.com,Fivechat
Eyde,Sommerville,9253938586,,,,Rooxo
Ezechiel,McNysche,7721256464,,,,Pixonyx
Fabian,Eburne,2942525657,4357726167,5508 Manley Drive,feburne4a@nps.gov,Geba
Fairleigh,Kightly,8614767267,,,,Flashdog
Fanechka,Lavallin,8537563516,5076801375,10256 Stang Hill,flavallinh1@wunderground.com,Plambee
Fara,Wasielewski,3737485230,1544321336,3 Elmside Center,fwasielewski5x@jugem.jp,Leenti
Faulkner,Penwright,5384860543,5621238335,738 Schurz Plaza,fpenwrightbb@wikimedia.org,Voonyx
Fax,Huxstep,5003975180,2456585223,31951 Porter Terrace,fhuxstepm8@elegantthemes.com,Jayo
Federica,Ebsworth,1183717399,1498096934,75153 Graedel Terrace,febsworth8e@adobe.com,Skyvu
Felicio,Tumber,7272653576,,,,Dablist
Feliks,Loads,3671646844,9494606680,002 Mcguire Crossing,floads1u@ezinearticles.com,Vimbo
Felix,Crowest,3134531829,1845164024,67431 Donald Junction,fcrowestiq@scientificamerican.com,Jayo
Ferrel,McNulty,7544422919,3403585007,1 Buell Way,fmcnulty8u@msn.com,Youspan
Field,O'Loghlen,1043448042,,,,Miboo
Filberte,Jiracek,2984578582,,,,Yoveo
Findlay,Blakemore,6493976015,,,,Cogibox
Findlay,McHan,1008231092,,,,Youtags
Findley,Prugel,1899719351,7563509369,9 Knutson Pass,fprugeldy@bloglovin.com,Mymm
Fleming,Kinforth,7978722569,,,,Buzzbean
Flemming,Hurdis,5471767416,3512213861,001 Moose Way,fhurdisnw@ca.gov,Yodel
Florella,Lovel,4994565192,,,,Buzzbean
Floria,Probate,7194211580,,,,Muxo
Florida,Skin,6661263971,9296794718,668 Declaration Park,fskinhe@msu.edu,Twimbo
Florri,Sabberton,3014036458,,,,Oloo
Flory,Rominov,6138492949,,,,Bubbletube
Francisco,Sheaber,6174273737,,,,Aivee
Frayda,Kmiec,7507459624,9677918583,7454 Jackson Road,fkmiecpk@4shared.com,Wordpedia
Freddi,Klulicek,6875778013,,,,Fivechat
Frederico,Wallage,9131332105,,,,Devpoint
Freedman,Davsley,2526415929,,,,Tavu
Freemon,Duckworth,7431189855,,,,Ainyx
Gabbie,Zima,1084723313,,,,Eazzy
Gale,Thomassin,8958037868,,,,JumpXS
Gamaliel,Cowin,1566527023,,,,Fivechat
Garvin,Le Breton De La Vieuville,6237396731,1905253086,6463 Doe Crossing Road,glebretondelavieuvillees@bloglines.com,Twitternation
Garvy,Powton,3021040273,,,,Plambee
Gaye,Beaston,6118216802,7409744367,16675 Golf Course Street,gbeastonz@people.com.cn,Edgeify
Gayel,Stithe,2979123562,6165691837,52 Haas Plaza,gstithe3l@disqus.com,Tambee
Genvieve,Davall,5803358387,7209550542,955 Prairieview Way,gdavall7b@cnbc.com,Yotz
George,Ringsell,6481986354,2838402578,2 Bowman Way,gringsellac@webeden.co.uk,Fivechat
Georgette,Rawstorne,6544849113,,,,Thoughtstorm
Geralda,Beumant,6636131851,,,,Talane
Gerardo,Renyard,7767880731,,,,Fivechat
Gerianna,Harbach,1512595649,,,,Jaxworks
Gertie,Garnham,1564672107,9419973628,918 Pennsylvania Circle,ggarnham84@ask.com,Shufflester
Giacinta,Pauly,3812237486,,,,Wikizz
Gianni,Sudell,2326146449,9822360531,3478 Trailsway Plaza,gsudellmt@webmd.com,Bubblemix
Gibby,Jaycox,5603669757,,,,Mynte
Gibby,McEachern,6222798207,1867363723,69 Annamark Crossing,gmceachernkk@godaddy.com,Skinix
Giffie,Ahrens,7693869287,,,,Camido
Gilburt,Keasy,3889809143,,,,Plambee
Giles,Senechell,2397499334,4526436517,6 Magdeline Trail,gsenechell3c@hp.com,Roomm
Ginevra,Tointon,2968477912,,,,Ntag
Ginny,Aspden,3264608880,,,,Fiveclub
Giraud,Donnel,8557218723,1366161209,164 Parkside Plaza,gdonnel8y@ebay.co.uk,Realbuzz
Giulietta,Tooker,6759142691,,,,Quatz
Glad,Swadlen,5815884980,6567678530,9 Canary Hill,gswadlen6y@constantcontact.com,Gigazoom
Gladi,Tomala,3938713501,3844049575,2 Arkansas Avenue,gtomala96@merriam-webster.com,Realbuzz
Godfry,Renachowski,1564058839,4075506346,09 Almo Crossing,grenachowski30@mayoclinic.com,Eire
Golda,Mallall,3003665648,1479295253,3030 Paget Court,gmallall9t@elpais.com,Realblab
Goldina,Cranney,8935255258,6085146183,4712 Oak Valley Way,gcranney68@so-net.ne.jp,Trupe
Goran,Coldwell,2171769231,,,,Kazio
Gothart,Dorn,8779020845,5018651336,1 Summit Street,gdornlt@blogtalkradio.com,Oyoba
Grace,Jehan,9352254384,,,,Eayo
Grete,Elwell,5302226754,,,,Twimbo
Griff,Urwen,5784883393,,,,JumpXS
Grover,Tsarovic,9319904205,,,,Roodel
Gualterio,Shuttleworth,4794820135,,,,Eadel
Guinevere,Maha,1117923351,,,,Feedspan
Guinevere,Querree,4617177201,,,,LiveZ
Gunar,Welband,6941218993,3317156869,13 John Wall Crossing,gwelbandh7@dot.gov,Plambee
Gus,Itzkowicz,3792641349,3053301012,259 American Ash Circle,gitzkowiczqz@biglobe.ne.jp,Zoomzone
Guy,Oldaker,6128932237,5936123304,0343 Ilene Point,goldakern6@i2i.jp,Buzzbean
Gwenette,Whitchurch,6593003682,,,,Wordpedia
Gwyneth,Cammell,3128459038,9586558899,10937 Spaight Court,gcammellfm@state.tx.us,Devpoint
Had,Goare,2581726655,1596401313,2759 Dottie Crossing,hgoare5c@wikia.com,Aimbu
Had,Kittley,5776745445,,,,Trilia
Hadley,Domingues,2622722200,,,,Plambee
Haleigh,Anselmi,1547077652,,,,Vipe
Halimeda,Osgarby,7138005513,,,,Photolist
Hall,Donaway,9812608538,,,,Npath
Hall,Rudland,8461698063,6432248222,58 Algoma Plaza,hrudlando@usatoday.com,Meemm
Hally,Alcoran,8539148635,,,,Kazio
Halsey,Mouland,4508145106,,,,Plambee
Hannis,Henderson,6787278199,2214400120,17 Graceland Plaza,hhenderson6t@g.co,Gigazoom
Hanny,Adess,6642303764,1245833970,95 Utah Road,hadess7g@e-recht24.de,Ntag
Harald,Keysall,3977591133,,,,Digitube
Harmony,Diperaus,5163135309,9185348351,6078 Merrick Hill,hdiperausf2@lycos.com,Youopia
Hastings,Barbe,3428183786,2656381235,0101 Nelson Park,hbarbelp@spotify.com,Zoomlounge
Hattie,Crook,5751088757,4917859745,1061 Ryan Parkway,hcrook5z@taobao.com,Realcube
Helen,Smylie,3351893574,,,,Topiczoom
Helenelizabeth,Prover,7525086183,,,,Shufflester
Henrie,Avory,4398830346,,,,Twitterbeat
Herbert,Brabon,5266292420,,,,Linklinks
Hestia,Orbell,9832059650,,,,Youfeed
Hewie,Currom,7638367824,8201877573,1422 Jenifer Parkway,hcurrom4s@miitbeian.gov.cn,Trilia
Hewitt,Maddyson,3786553407,,,,Buzzbean
Hieronymus,Shorton,5483238996,,,,Skiptube
Hildagarde,Jevons,2294501868,,,,Jayo
Hilly,Woodsford,6175303245,5248935764,97200 Sundown Crossing,hwoodsford4w@buzzfeed.com,Zooveo
Hinze,Mussen,6958071401,,,,Gigazoom
Hobard,Pepis,1202789841,,,,Kwilith
Hollis,Ody,4206392928,3204124110,83353 Acker Park,hodyp2@jugem.jp,Twitterbridge
Horst,Scottesmoor,5535105102,4442608071,6078 Crescent Oaks Road,hscottesmoorpq@mozilla.org,Tazz
Hortense,Winchcombe,6154849166,,,,Skidoo
Huberto,Goldspink,5006321720,5559625149,79003 Rusk Crossing,hgoldspink5n@alexa.com,Bubblemix
Huey,Giovanizio,2811226340,8328890502,93397 Norway Maple Pass,hgiovanizio6w@qq.com,Gigazoom
Hugh,Gumey,1333111435,,,,Yotz
Husain,Donn,4359841717,,,,Plambee
Ibby,Milby,1139566725,,,,Jayo
Ichabod,Ward,5028914973,,,,Jazzy
Idell,Kinvig,3793193565,,,,Realbuzz
Idette,Raycroft,9961377228,5707313627,0 Sunbrook Parkway,iraycroft67@istockphoto.com,Trupe
Ignaz,Haensel,5311836352,,,,Blogpad
Ilka,Reddie,8035909374,,,,Dablist
Ilka,Stretton,7619437774,,,,Vimbo
Ilyse,Gilleon,9457129869,,,,Vinder
Ilyse,Quinnelly,3658729868,9192713206,6860 Mayfield Terrace,iquinnellyeu@twitpic.com,Twitternation
Ira,Bank,8763408242,,,,Gigazoom
Iris,Toopin,4982615004,,,,Roomm
Isabeau,Marvelley,6649812261,5556118049,3755 Red Cloud Court,imarvelleyf4@liveinternet.ru,Babbleopia
Isabella,Rubertis,3252621947,,,,Buzzbean
Ivor,Garwill,9342077698,8122125955,32 Cardinal Junction,igarwillhk@youtube.com,Dablist
Jacinta,Cratere,3185385055,,,,Youopia
Jack,Pettigrew,3942524960,,,,Oozz
Jacques,Dunbobin,5194559552,,,,Bubbletube
Jaimie,Kenshole,5471465751,,,,Zoomzone
James,Farguhar,6736093929,3406785568,4242 Armistice Park,jfarguharq5@disqus.com,Browsedrive
Jami,Barlace,1693837767,3351284524,250 Dahle Street,jbarlace17@jimdo.com,LiveZ
Janos,Ruffey,5116070262,,,,Bubbletube
Jaquenetta,Peplay,7889864949,7832177651,0908 Rusk Pass,jpeplayot@google.it,Eadel
Jaquenette,Frood,7323632471,,,,Gigazoom
Jard,Leynham,9016975347,,,,Yakijo
Jarrett,Biscomb,7339393594,,,,Aimbu
Jasmina,Jeffries,8993075514,,,,Skinix
Jasmine,Salandino,5632666796,5568747701,709 Orin Road,jsalandinoib@shutterfly.com,Flashdog
Jason,Whatley,8684603668,6054704118,54058 Arrowood Lane,jwhatleyj0@marriott.com,Tagchat
Jazmin,Kelleway,5927776235,,,,Zoomlounge
Jeanie,Kohen,9287151838,,,,Buzzbean
Jenica,Cruz,6904971838,4373769412,3408 Shopko Crossing,jcruzor@mtv.com,Quamba
Jenica,Foan,1445689085,4442164843,6 Mendota Alley,jfoanqe@webeden.co.uk,Centidel
Jennifer,Gerriet,9937070936,6262291231,68327 Alpine Plaza,jgerriet4i@skype.com,Zava
Jeromy,Stennes,9564603333,2484701109,5045 David Junction,jstennes1s@businessweek.com,Vimbo
Jessie,Kennon,5979259407,,,,Zoomlounge
Jewelle,Belf,5976291126,,,,JumpXS
Jewelle,Fairfoul,7007817717,,,,Jayo
Jill,Zorzetti,5575018599,,,,Tazz
Jo,Seedman,6914301605,,,,Edgeify
Jobie,Lowcock,5374971078,5051164137,889 Grasskamp Alley,jlowcock6m@creativecommons.org,Gigazoom
Jodi,Biever,3144938157,,,,Livetube
Jodie,Mulderrig,5113576334,7922527325,8067 Warrior Trail,jmulderrigjq@gizmodo.com,Linktype
Johnathan,Balsdone,7845416975,6182137966,813 Straubel Trail,jbalsdonegk@oaic.gov.au,Yoveo
Johnathan,Eivers,6913961797,,,,Fivechat
Johnna,Lilleyman,3267278986,,,,Aimbo
Jonell,Harbertson,2813213468,,,,Kazio
Jordon,Sidlow,5979423398,6081802228,767 Memorial Place,jsidlowa2@usgs.gov,Tagopia
Jorge,McCuish,6287646677,1431741732,28360 Vernon Way,jmccuishi3@wired.com,Thoughtstorm
Jory,Brumpton,5495015663,7753660889,8752 Fairfield Drive,jbrumptonps@intel.com,Tazz
Josee,Geeve,4438334943,,,,Quatz
Josefa,Kasting,3544717819,,,,Realbuzz
Josiah,Squirrell,7684110400,7049247167,55680 Cascade Park,jsquirrell32@wikimedia.org,Eire
Josy,Grinham,3603213373,,,,Centidel
Juieta,Lilford,6584817942,,,,Edgeify
Julienne,Croll,1487177726,1696475775,4040 Crest Line Park,jcrolloy@statcounter.com,Feedspan
Justin,Stienton,8261928797,,,,Thoughtstorm
Justinn,Comberbach,9094931906,1133227275,053 Pleasure Trail,jcomberbach7l@usnews.com,Ntag
Kaitlin,Delea,4556979943,,,,Flashspan
Kaleena,Gulc,2783666368,8548827095,2 Monterey Trail,kgulcer@eepurl.com,Zooxo
Kali,Preedy,5509156531,3911934611,5434 Gina Point,kpreedybi@mac.com,Jayo
Kalinda,Chattoe,5909042032,,,,Topiczoom
Karee,Kinny,7722488902,6676928947,299 Hudson Street,kkinny4b@behance.net,Zava
Karil,Beard,5726281759,4513841043,0 Sachtjen Avenue,kbeardec@shinystat.com,Fivechat
Karisa,Townrow,5642331779,8971012761,59 Towne Hill,ktownrowo0@cmu.edu,Skinix
Karla,Storrar,1433232626,2621632187,879 Myrtle Parkway,kstorrarbk@exblog.jp,Jayo
Karlis,Argont,6005441271,4962341593,49 Meadow Vale Park,kargont6k@epa.gov,Thoughtstorm
Karrie,Kerbey,7211422832,,,,Thoughtstorm
Kassandra,Chesnay,1655129316,,,,Oyoba
Katha,Crosston,8267963663,,,,Roodel
Katherina,Georgeson,4018487927,,,,Fivechat
Katheryn,Harewood,4479748264,,,,Thoughtstorm
Kathrine,Mackinder,4236176253,2168380725,8 Browning Park,kmackindera8@fotki.com,Meetz
Kathryne,Amott,7899291008,,,,Twitternation
Katina,Sinden,8264986151,4946759268,71298 Northland Hill,ksindenip@bing.com,Jayo
Katlin,Tolomei,7732110064,2685743749,7983 Dunning Junction,ktolomei6p@sina.com.cn,Gigazoom
Katrina,Bromilow,3181038091,,,,Ntag
Kaye,McPhelim,7911141584,6216586330,7833 Red Cloud Center,kmcphelim45@epa.gov,Geba
Kayne,Wadham,7485567133,8151090337,26272 Blue Bill Park Circle,kwadhamc8@soup.io,Aivee
Keene,Brason,8403299709,6943463837,73941 Graedel Lane,kbrasonbx@newyorker.com,Rhybox
Kelbee,Wychard,3565684041,6822553010,60 Kinsman Trail,kwychard8l@elegantthemes.com,Minyx
Kelcey,Downes,3681805490,,,,JumpXS
Kellby,Childers,2681064080,,,,Divape
Kellby,Franzotto,9145620172,,,,Centimia
Kellia,Woodes,8008348485,7261942996,1761 East Road,kwoodes9r@senate.gov,Zoomdog
Kelsy,Aubrun,3335822031,3753578363,103 Nelson Road,kaubrunq@freewebs.com,Aivee
Kelsy,Luckham,6441534059,1405939437,12 Charing Cross Lane,kluckhamg3@dropbox.com,Skidoo
Kendricks,Bredgeland,1101891908,8269488430,59 Northwestern Pass,kbredgelandcb@wix.com,Youtags
Kennie,Yglesia,9314616088,,,,Meejo
Kenny,Fredi,8828688047,,,,Skiptube
Kerri,Brandassi,7589094131,,,,Zoomlounge
Kerwin,Rapson,6154308280,9465631909,774 Jackson Street,krapsonpp@jimdo.com,Tazz
Kettie,Pree,4138517817,9575100376,43 Dapin Street,kpreefl@uiuc.edu,Devpoint
Kevan,Bierman,4797304914,2399106048,62 Mendota Park,kbierman99@geocities.com,Realbuzz
Keven,Jossel,8359550834,,,,Feedspan
Ki,Gollop,6822242493,,,,Topicblab
Kile,Dinneen,7125111437,,,,Zooveo
Kimbra,Gally,9352828900,4559173556,38665 Algoma Drive,kgallydq@mayoclinic.com,Fiveclub
Kira,Crutch,7596729529,,,,Trilith
Kira,Kingsley,6601023214,3502459119,07915 Anzinger Hill,kkingsley12@vk.com,Edgeify
Kirbee,Carlson,7399427826,,,,Topiclounge
Kirstyn,Gurton,5404031913,4716756805,3877 Hintze Lane,kgurton31@csmonitor.com,Eire
Konstance,L'Episcopio,8744554879,7945423895,1 Morning Avenue,klepiscopio9x@ihg.com,Miboo
Korrie,Antonik,6866027818,,,,Twitternation
Krista,Josovitz,5472477357,8165863621,34 Delladonna Crossing,kjosovitzbr@si.edu,Browsetype
Kristofer,Sides,2718593612,,,,Avamm
Kynthia,Charrett,6026074179,,,,Eare
L;urette,Upstone,3671643608,,,,Avamba
Lacee,Tudge,4863433684,,,,Skinix
Lane,Skune,3308932923,,,,Twinder
Lanie,Drysdall,2331787280,,,,Cogilith
Larina,Hance,5744788263,,,,Skyvu
Latashia,Filipchikov,1051467063,8908996971,88 Maywood Junction,lfilipchikov2b@ustream.tv,Buzzbean
Latisha,Lambrick,9324945108,1286973661,364 Little Fleur Trail,llambrick7@people.com.cn,Twitterbeat
Laughton,Leasor,7629480866,,,,Rhybox
Laurianne,Penberthy,4958240854,1806663465,2323 Raven Crossing,lpenberthyg4@sfgate.com,Skidoo
Lauritz,Proswell,2207975662,1139094241,12 Pine View Trail,lproswellol@census.gov,Demimbu
Lavinia,Colyer,5278814835,,,,Fivechat
Lavinia,Flageul,4049505021,9881105875,8751 Green Lane,lflageulkd@parallels.com,Rooxo
Lay,Suett,4137980797,,,,Riffpath
Lazare,Mateev,4705442790,1672095271,7 Mandrake Avenue,lmateevj8@ask.com,Muxo
Lazare,Riepel,9047331094,,,,Mydeo
Lazaro,Fradgley,8415210864,9816455333,2 Forster Crossing,lfradgleyb7@hubpages.com,Voonyx
Leandra,Lowndes,6215412882,,,,Yamia
Leif,Glidder,5002054989,,,,Eayo
Leila,Tytterton,4506449856,3869794053,3 Hintze Avenue,ltyttertongi@mac.com,Blogspan
Lela,Hayes,6495080460,,,,Yakijo
Lenci,Allmen,2713302814,,,,Dabjam
Lenora,Le Conte,9723379016,,,,Pixonyx
Leoline,Warlton,4992027656,,,,Ntag
Leonelle,Nunan,3128525312,,,,Gabspot
Leopold,Valens-Smith,8953201956,,,,LiveZ
Les,McMurty,3638151254,2129088475,25 Carpenter Drive,lmcmurtybp@gizmodo.com,Browsetype
Lesley,Towers,4574258771,8878900070,38 Lake View Park,ltowersh3@myspace.com,Plambee
Letta,Barosch,9987300719,1626548051,02 Myrtle Road,lbaroschqp@hubpages.com,Tekfly
Levon,Lefeuvre,5112322535,,,,Vimbo
Lexy,Langan,9901350174,,,,Jayo
Lianne,Scutching,9201005929,,,,Zoomzone
Lidia,Maylour,5049323016,,,,Kazio
Lief,Rodgier,6489954096,1168344828,4346 Dayton Avenue,lrodgiercm@hostgator.com,Fanoodle
Lin,Edsall,9859822076,,,,Riffpath
Linda,Lutz,7255791892,,,,Fivechat
Lindi,MacNeill,7794337866,3038168693,022 East Hill,lmacneillju@canalblog.com,Linktype
Linoel,Beaford,7817120397,,,,Yotz
Lisa,Shovelbottom,3873586844,,,,Brainverse
Lock,Seamarke,4024147394,,,,Skyvu
Lockwood,Heyward,4729544726,,,,Eayo
Lorant,Keyme,9742645237,5164230343,04803 Dayton Plaza,lkeyme5g@netlog.com,Oyope
Loreen,Feavers,8262658700,1952533826,21 Magdeline Lane,lfeavers9p@walmart.com,Meedoo
Loren,Duxbarry,6839318404,5854149541,65046 Blackbird Circle,lduxbarryo4@npr.org,Dablist
Lorenzo,Ivanishchev,5321209885,,,,Dablist
Lorraine,Leason,7438887437,9869028702,0 Sycamore Place,lleasonau@freewebs.com,Meejo
Lorry,Du Plantier,4858257068,2008387944,06620 Dixon Crossing,lduplantierfx@webmd.com,Trudoo
Luci,Ingilson,3833173527,,,,Thoughtstorm
Luci,Mulford,1712181737,4712171787,264 Anhalt Avenue,lmulford8i@yahoo.co.jp,Jaxbean
Lucius,Biddwell,5109334441,1142319142,314 Corry Parkway,lbiddwell83@paypal.com,Shufflester
Ludovika,Pavelin,3291501267,,,,Eayo
Ludvig,Praten,2867915288,,,,Realblab
Ludvig,Siburn,7431047592,,,,Flashdog
Lurette,Sleeford,4759088249,4039988513,66 Westport Terrace,lsleeford72@shareasale.com,Gigazoom
Lyndsie,Drains,4649572956,,,,Roomm
Lyssa,Taile,4055386944,2718556570,892 Goodland Point,ltailer6@utexas.edu,Aimbo
Mabelle,Camilletti,9898706525,4922210616,94 Manley Lane,mcamillettiag@tamu.edu,Cogilith
Mace,Boler,5683483716,2328311474,93258 Grayhawk Park,mbolerra@ft.com,Linklinks
Madelaine,Batchelar,2173437213,8062831969,6 Briar Crest Plaza,mbatchelar8n@t-online.de,Fliptune
Magdaia,Ballintyne,1198636545,,,,Fivechat
Maighdiln,Muschette,4905089640,,,,Bubbletube
Maighdiln,Phelipeaux,9034282078,,,,Plambee
Maire,Hazeup,7579455151,,,,Jaxspan
Maje,Fulloway,5146384702,5094143909,7577 American Hill,mfulloway7i@google.de,Ntag
Mallorie,Proven,4385577110,,,,Voonyx
Mallory,Oselton,4398365515,,,,Shufflester
Malory,Libreros,5844518553,,,,Dablist
Malva,Lamminam,6606456762,8217545176,60 Lawn Street,mlamminam7c@mlb.com,Yotz
Mandi,Reding,1456321471,,,,Linkbridge
Marabel,de Aguirre,3736762500,,,,Aivee
Marchelle,Veelers,1979984000,9658732019,128 Kenwood Way,mveelersqb@wikispaces.com,Talane
Marcie,Commander,2183101257,5612228083,1 Bluestem Junction,mcommanderel@boston.com,Fivechat
Marcile,Gorling,9578200927,5483272440,44072 Loeprich Trail,mgorling7k@hc360.com,Ntag
Margeaux,Gosnall,7347098612,8769874529,21 Delladonna Center,mgosnalldv@kickstarter.com,Mymm
Marie-ann,Brewer,8976614597,5062769695,87167 Melody Crossing,mbrewerl@flavors.me,Mynte
Marilin,Perrone,7101513693,1591678151,08771 Green Ridge Street,mperrone1b@hibu.com,Quamba
Marillin,Nund,1732134585,,,,Zava
Marj,Impey,7483180344,,,,Eadel
Mark,Flory,4966225217,8856197097,0466 Mallory Place,mflorylq@biglobe.ne.jp,Yakijo
Marni,Purdy,8145210324,4788017699,7 Eastwood Street,mpurdyqh@senate.gov,Centidel
Marshal,Mallaby,5126916498,,,,Twimm
Martelle,Veld,9411930135,9954756903,38043 American Ash Trail,mveldav@icio.us,Meejo
Martie,Heckle,5772818843,,,,Gigazoom
Martie,Olijve,2101805591,,,,Eabox
Martin,Roskruge,7823822200,1306085061,1412 Hagan Way,mroskrugeay@pagesperso-orange.fr,Meejo
Marylou,Hobden,1565212246,8097728864,9426 La Follette Place,mhobden2i@illinois.edu,Jazzy
Masha,Saller,5881088223,,,,Zava
Mateo,Doorly,5119160925,,,,Edgeify
Mathian,Okenden,4909014153,2896139520,94635 Bunker Hill Plaza,mokenden7m@hostgator.com,Ntag
Matilde,Cammomile,1159321284,,,,JumpXS
Matteo,Matys,9431131475,9497409594,0 Emmet Crossing,mmatys2o@twitpic.com,Npath
Maurie,Handmore,7637193378,,,,Realbuzz
Meagan,Attridge,7306082886,,,,Eadel
Meara,Jacobsz,9935366631,,,,Zoomlounge
Mela,Oolahan,1578820584,,,,Zoomlounge
Mellie,Covington,3206322451,5743960162,6 Eagan Plaza,mcovingtonml@mapquest.com,Yakijo
Meris,Ferfulle,5545786064,6081296964,7673 David Junction,mferfulleie@wikia.com,Quatz
Merl,Harpham,1887776198,,,,Realbridge
Merry,Foulger,8503909342,3927438880,0645 Oakridge Trail,mfoulgeriz@gizmodo.com,Blogspan
Michel,Signoret,5299190027,,,,Bubblemix
Mickie,Escale,5316826546,3622001304,27 Badeau Junction,mescalebn@xing.com,Photolist
Mike,Grainger,5728455192,5716135616,570 Crest Line Alley,mgraingerr7@indiatimes.com,Aimbo
Millisent,Lissett,4305693273,,,,LiveZ
Minne,Billiard,5263635660,2614062409,61725 Burrows Avenue,mbilliardi2@lycos.com,Topiczoom
Minni,Raulin,2105850223,6999278543,00763 Green Hill,mraulin2n@reverbnation.com,Npath
Miquela,Poluzzi,6921546290,,,,Twimbo
Mirelle,Roly,1564071670,5877047095,464 Lakeland Way,mroly3z@trellian.com,Skippad
Mohammed,Thornton,9078304065,,,,Plambee
Mohandas,Greenard,9043155971,,,,Plambee
Mommy,Brigstock,2034618719,,,,Skibox
Monika,Raven,5701282109,9808696382,56666 Lindbergh Hill,mravenc0@scribd.com,Rhybox
Monro,Francois,9032070042,8149355714,1950 Maywood Way,mfrancois3h@1und1.de,Wikido
Monti,Paolillo,4867960903,6553258960,788 Northridge Court,mpaolillomq@shop-pro.jp,Yacero
Mordecai,Burberry,1632197771,,,,Realblab
Morgan,Eacle,1657322100,5028007493,68 Pawling Terrace,meaclem0@toplist.cz,Mydeo
Morgan,Martusov,6619464777,,,,Topiczoom
Morgana,Skalls,5047024204,7109956912,938 Carpenter Alley,mskallsiv@marketwatch.com,Jayo
Morgen,Pittoli,2359668729,9892263854,5683 Anthes Lane,mpittolig6@illinois.edu,Skidoo
Morna,Dana,8486959325,4934112236,06 Eastwood Pass,mdanap8@e-recht24.de,Twinder
Morten,Wimmers,9773111245,5741212919,50 Sachtjen Street,mwimmers6i@mysql.com,Thoughtstorm
Morton,Gilliatt,2069730259,5622885487,65 Havey Way,mgilliattfd@deliciousdays.com,Riffpath
Moses,Cornish,7133561492,,,,Aimbo
Moshe,Heminsley,4525087097,7712820659,053 Hermina Court,mheminsley9q@topsy.com,Zoomdog
Myrtle,Briant,1362443960,,,,Divape
Nanon,Nicholls,8985918980,6988895083,37795 Sachtjen Place,nnichollsi4@adobe.com,Thoughtstorm
Nat,Canto,6521551859,5453148970,19 Sunbrook Trail,ncanto1e@meetup.com,Fivechat
Natalee,Giacopazzi,2957443403,3376965583,7 Vermont Lane,ngiacopazzijk@ft.com,Youfeed
Nataline,Waddell,7319249784,1192905345,8 Merrick Avenue,nwaddelle4@dagondesign.com,Shufflester
Natalya,Hendrickx,8515418482,1713442850,31024 Huxley Court,nhendrickx7v@blogs.com,Oloo
Natalya,Neljes,9607971406,3615820682,855 Dennis Parkway,nneljes79@networkadvertising.org,Yotz
Natka,Waumsley,6425547730,,,,Yadel
Neale,Dowson,8086780609,1314317041,799 Bluestem Pass,ndowsonmy@merriam-webster.com,Livepath
Neall,Bellhouse,9947428298,,,,Eamia
Nealon,Percifull,2583867434,6211122469,050 Del Mar Hill,npercifullcz@youtube.com,Youbridge
Neille,Sparsholt,4285542108,6247439130,2995 Dexter Park,nsparsholt8@disqus.com,Eazzy
Nero,Breeder,8424805196,,,,Meeveo
Nerty,Marshland,3745776189,,,,Minyx
Nicko,Itzchaki,8042719197,3268654263,78177 Ronald Regan Lane,nitzchaki9k@globo.com,Plambee
Nickola,Carss,4005626474,,,,Quatz
Nickolai,Bendix,6973870160,2845419963,017 East Trail,nbendixkz@theguardian.com,Youspan
Nicolas,Matthaus,5904562076,9833519693,30 North Street,nmatthausff@buzzfeed.com,Riffpath
Nikolaos,Durrell,8899370567,,,,Tazz
Ninnette,Barnaclough,7803504974,1665756250,6653 Rieder Plaza,nbarnacloughq3@admin.ch,Dabfeed
Noe,Chooter,2901824434,7396152403,13 Reinke Parkway,nchooter1z@nba.com,Browsedrive
Noemi,Willcott,9303682404,7611403525,54918 Farmco Park,nwillcottnt@whitehouse.gov,Buzzbean
Noll,Iacovucci,6082751389,,,,Thoughtblab
Nonah,Jewitt,4832126938,,,,Blogpad
Nonnah,Daingerfield,8241396563,8991834484,4725 Dorton Drive,ndaingerfieldjh@jiathis.com,Eamia
Odell,Sambedge,1292201856,,,,Aimbu
Ofilia,Foord,1254936873,7115728156,3693 Buell Trail,ofoord2m@dell.com,Flashspan
Olive,Antonchik,3233557060,7448844458,14 Independence Lane,oantonchikcs@tinyurl.com,Aivee
Olly,Glewe,6186957326,,,,Riffpath
Olly,Lafflin,5827091502,,,,Eayo
Omero,Beardsdale,1883877364,,,,Eabox
Orran,Crosseland,2607911761,7352579307,0104 Loomis Circle,ocrosselandf9@jalbum.net,Riffpath
Orren,Petters,2447058537,2127097588,0 Gateway Point,opettersnm@illinois.edu,Buzzbean
Orren,Ringsell,8573613959,9932634679,24 Superior Park,oringsellh0@dedecms.com,Plambee
Orsola,Burree,2061198635,,,,Buzzbean
Orton,Lambird,5957994299,8693663815,722 Monument Lane,olambird18@weather.com,LiveZ
Osgood,Wallbank,2329117164,,,,Jayo
Ossie,Polotti,7269206226,,,,Gigazoom
Othella,Botly,5647190627,,,,Agivu
Otto,Symonds,1207191249,,,,Wikizz
Otto,Towne,6038120837,,,,Rooxo
Padraig,Ludee,9996191912,,,,Skyvu
Paquito,Aldiss,3346013437,,,,Buzzbean
Pascal,Govern,2801738026,2041048655,117 Almo Place,pgovernfw@behance.net,Trudoo
Pat,Orpen,8989521341,,,,Flashdog
Patrice,Grenfell,1813931702,,,,Gigazoom
Patrick,Gonzalo,8195192449,,,,Quaxo
Pattie,Keaves,1293877617,,,,Zava
Paulette,Marden,5117079724,,,,Gevee
Pavel,Beard,6505883337,,,,Buzzbean
Pavlov,Spurdens,7832357187,,,,Voomm
Paxton,Inkles,8804515267,,,,Plambee
Penelopa,Palfrie,4092549825,6322575471,25 Schmedeman Plaza,ppalfrie3v@wix.com,Kazio
Penrod,Abramski,7321856735,1595683089,28 South Plaza,pabramskib2@engadget.com,Skyvu
Perl,Pear,3662241806,9669083881,31366 Sauthoff Avenue,ppearbu@examiner.com,Agivu
Petr,Royce,3267124148,7759812135,756 Merrick Court,proyceqt@woothemes.com,Browsezoom
Peyton,Buse,8953203650,5809945060,98 Glendale Street,pbusepy@yahoo.co.jp,Trilith
Philippa,Cathie,5179850874,,,,Talane
Phillip,Sawley,3962590968,4024033910,44793 Ohio Way,psawleyhu@cmu.edu,Thoughtstorm
Phillip,Woodstock,5647145213,,,,Browsedrive
Phillipe,Nusche,7643715715,6881550237,06649 Bobwhite Lane,pnuscheh8@rediff.com,Plambee
Phillis,Jiranek,3978722913,,,,Aimbu
Phyllys,Belasco,5599522306,2324717530,46 Browning Lane,pbelasco4z@etsy.com,Jaxnation
Port,Blennerhassett,9268140199,,,,Oloo
Prue,Bauman,7709373988,,,,Wikizz
Purcell,Ciobutaro,3945188699,4074445113,6646 Sullivan Center,pciobutaro6l@networkadvertising.org,Gigazoom
Pyotr,Evelyn,3027810116,,,,Browsedrive
Rabi,Shepland,6174180212,,,,Topiclounge
Rae,Shaylor,4867543424,,,,Mymm
Rafaelia,Gavaran,4895550256,,,,Plambee
Raffarty,Pods,2915967152,,,,Kare
Raine,Gisby,9149012746,,,,Bubblemix
Raine,Sturridge,6553633410,5681821257,7 Moland Terrace,rsturridge19@qq.com,LiveZ
Rainer,Guisby,3597708718,,,,Avamm
Ranice,La Wille,3489297757,1294275984,2752 Morningstar Drive,rlawillecv@pen.io,Kwimbee
Ranique,Bickerdyke,1577025111,,,,Thoughtblab
Ray,O' Driscoll,2307391458,7145378813,22208 Transport Trail,rodriscollak@nature.com,Rhyloo
Rayner,Serrier,1221722284,,,,Eire
Reagen,Coton,6706038088,7959110568,3824 Del Sol Terrace,rcotonm2@msu.edu,Mydeo
Rebeca,Percifer,9933773220,5348625367,7 Corben Street,rperciferfe@cbc.ca,Riffpath
Red,Graysmark,2247720890,5108787551,1534 Knutson Lane,rgraysmarkp6@csmonitor.com,Wordify
Reeta,Hinchon,6856493154,,,,Skippad
Reeta,MacNish,7372818275,7274153057,5800 Westport Way,rmacnishlh@hatena.ne.jp,Zoomzone
Regen,Saye,9887445081,,,,Thoughtbeat
Reggie,Schimpke,5421435147,4878703137,31739 Warner Terrace,rschimpke9m@usnews.com,Plambee
Reine,Herrero,3933817974,,,,Divanoodle
Reinwald,Cleugher,9266702477,5104265933,2 Talmadge Parkway,rcleugher8h@businesswire.com,Jaxbean
Rem,Ranaghan,4632508055,4994924280,4 Oak Valley Place,rranaghangz@ehow.com,Plambee
Rennie,Brignell,9162102678,2004596381,75 Nova Circle,rbrignellgj@columbia.edu,Livetube
Riccardo,Reinger,8733529565,7844994322,05 Farmco Road,rreingero6@opera.com,Snaptags
Richmond,Burghall,4526753708,,,,Fivechat
Rickie,Eisak,3096736610,1522004859,19283 Stuart Trail,reisakgh@baidu.com,Trilia
Rinaldo,Folliss,3426613174,,,,Riffpath
Ritchie,Staden,2004959192,,,,Youspan
Rochette,Muggleston,6015309684,,,,Livepath
Rockwell,Ozanne,6847849805,,,,Quatz
Rod,Giddings,2726235858,5147819239,6285 Laurel Plaza,rgiddingsks@fc2.com,Quaxo
Rod,Spearman,5548361156,3603067804,420 Manitowish Way,rspearmand0@seesaa.net,Youbridge
Rodd,Nertney,5919575326,,,,Quimba
Roderick,Kienlein,3206330346,4841228572,2 Continental Drive,rkienlein1t@wikia.com,Vimbo
Rodolfo,Gonsalvo,5899754929,3267575220,491 Straubel Road,rgonsalvoi7@mayoclinic.com,Flashdog
Roi,Jakubowicz,6432837701,1608887680,3223 Sachs Trail,rjakubowiczgo@creativecommons.org,Plambee
Roley,Kermode,6613976104,,,,Youspan
Rolfe,Lalevee,2888075066,2044707165,9261 Oriole Alley,rlaleveegq@arizona.edu,Plambee
Ron,Merrett,8328806693,3579231660,14 Fordem Terrace,rmerrett4l@uol.com.br,Zava
Ronnica,Fernant,9037597636,,,,Npath
Ronnie,Anyene,5869950963,7378648201,2 Comanche Road,ranyenep7@marketwatch.com,Twinder
Ronny,Fossett,1122187792,8314447451,67 Longview Hill,rfossett1x@liveinternet.ru,Vimbo
Rory,Scrimshaw,9369897321,4527387881,46787 Kennedy Way,rscrimshawl6@quantcast.com,Voolith
Rosabelle,Bandey,6682595214,,,,Zoomlounge
Rosalia,Remmers,3027600161,,,,Ntag
Rosamund,Scraggs,4739122936,,,,Zava
Roscoe,Baldini,2952505849,,,,Youbridge
Rowan,Killeen,1185302915,,,,Geba
Rowena,Blaby,9286438817,,,,Trudoo
Rowena,Finlan,4576883671,2653736013,675 Ohio Court,rfinlanm1@ow.ly,Mydeo
Roxanne,Culvey,9225939653,,,,Zoomlounge
Roze,Whitford,9247865740,,,,Fivespan
Rubie,Zahor,2749077450,5628135709,5343 Aberg Center,rzahord9@utexas.edu,Devpoint
Russell,Zavattero,9216627564,,,,Avamm
Rutger,Cowlishaw,1985850603,,,,Wikizz
Ruthann,Kilford,9835348921,6297078883,8211 Meadow Ridge Crossing,rkilford5q@jiathis.com,Bubblemix
Ruthi,Honsch,4435817884,4707543562,8956 Old Shore Plaza,rhonsch44@ucsd.edu,Geba
Sanders,Cabotto,1675944050,,,,Lazzy
Sapphira,Smethurst,7774812498,,,,Trilia
Savina,Gifkins,6192004333,,,,Buzzbean
Sayer,Glasgow,1754659508,2381534501,1 Gulseth Court,sglasgowl2@economist.com,Topiczoom
Seamus,Maylour,3775331842,3123875790,0 7th Parkway,smaylourpd@hostgator.com,Voomm
Selestina,Berthomier,1886272985,7982832591,576 Warner Terrace,sberthomier28@kickstarter.com,Buzzbean
Sella,Sawney,1566478046,3349635606,64508 Rutledge Junction,ssawney6b@imgur.com,Aimbo
Shaine,Tinson,2168046475,,,,Browsedrive
Shane,Aleksich,9675556562,3534026184,786 Gerald Park,saleksich53@fc2.com,Aimbu
Shani,Handlin,3655969309,4194204534,311 Sauthoff Lane,shandlin4c@reverbnation.com,Zava
Shantee,Blissett,9035769625,,,,Youspan
Shantee,Sivorn,8106354699,6819255724,165 Lakeland Trail,ssivornrg@yahoo.co.jp,Eayo
Sharai,Eads,3753119721,9642110978,7 Debs Street,seads8q@state.tx.us,Vipe
Shea,Bagshaw,4727113275,3117039081,6 International Circle,sbagshawp3@eepurl.com,Twitterbridge
Sheilakathryn,Othen,3132095278,,,,Meeveo
Shelli,Yggo,6753041016,9084545662,9556 Starling Junction,syggonz@nbcnews.com,Skinix
Shepard,Jimmes,8983321297,9259077954,57 Waxwing Junction,sjimmeskb@slashdot.org,Rooxo
Sheri,Robelin,1113445910,8931617036,1471 Melvin Parkway,srobelinlj@wikipedia.org,Oyope
Sheridan,Yandle,2405853463,,,,Youbridge
Sherri,Mandres,3658942685,4325395724,80060 Erie Terrace,smandres5h@sciencedaily.com,Bubblemix
Sibylla,Chazelle,3307687973,9356632785,113 Hintze Alley,schazelleq6@blogs.com,Browsedrive
Simon,Ert,9006215319,,,,Youspan
Simona,Plevin,9275223809,1509430088,5 Everett Lane,splevinds@yale.edu,Realcube
Siouxie,Sweett,1828160663,,,,Edgeify
Skell,Fisk,1965383423,,,,Zoomlounge
Sonja,Janowski,4434834752,1698271058,74393 Schurz Center,sjanowskiqq@ycombinator.com,Twitterlist
Sonnnie,Everard,3767035268,,,,Thoughtmix
Sonny,Kempson,7713732325,3129744089,2297 Southridge Street,skempsonqo@ocn.ne.jp,Jaxspan
Spencer,Northgraves,1707548359,,,,Aimbu
Stan,Jelly,5294671675,3637266152,0621 Laurel Crossing,sjellyee@noaa.gov,Fivechat
Star,Standbridge,5529815895,1041244666,6 Barby Center,sstandbridgegl@biblegateway.com,Youspan
Stearne,Richen,5599182341,2262391166,5 Almo Way,srichennp@netvibes.com,Buzzbean
Stefan,Hawarden,3764164534,,,,LiveZ
Stella,Schinetti,7964123726,,,,Meejo
Stepha,Nugent,7541579490,,,,Jayo
Sterling,Lavelle,8414410396,8617013747,343 Glendale Road,slavelle89@google.com.br,Bubbletube
Stevana,Greson,8645516798,7521850651,92292 Amoth Pass,sgresonjt@mail.ru,Linktype
Steven,Aisman,9408205575,6628783496,323 Mitchell Avenue,saisman2h@hugedomains.com,Jazzy
Steven,Rubinsohn,1086982317,6024052019,380 Marcy Center,srubinsohnj1@moonfruit.com,Avamm
Stirling,Chipperfield,4045046817,,,,Yoveo
Storm,Tripean,4059046389,,,,Geba
Stu,Vaud,9636471361,,,,Plambee
Sunny,Maldin,3029636792,7441806299,71 Merry Circle,smaldindc@toplist.cz,Zoomlounge
Suzanna,Eykel,2841370931,,,,Jabbertype
Sybilla,Demcak,6962438530,3673990769,209 Almo Court,sdemcakab@netlog.com,Fivechat
Tabatha,Spadeck,8561775918,7248725142,67091 Lindbergh Terrace,tspadeckh2@storify.com,Plambee
Tadeo,Casillas,3622832242,,,,Vimbo
Taite,Blamires,5582824479,6796486494,03 Jackson Lane,tblamires33@mtv.com,Eire
Talbot,Bravey,8989452560,,,,Oloo
Tamarra,Chetwin,1499161187,,,,Jayo
Tami,Morot,5285770070,,,,Roomm
Tammara,Cajkler,9104630720,,,,Twitterbeat
Tandi,Bridewell,6326081734,4992394389,0 Golden Leaf Parkway,tbridewell4h@topsy.com,Zava
Tania,Gittins,1162416274,,,,Npath
Taryn,Jakubovitch,4925920764,,,,Twitterbeat
Tatiana,Townshend,2324916061,,,,Twinder
Tatum,Kimmons,8448971289,,,,Ainyx
Tawsha,Cucuzza,8454849180,7381447289,68487 Oak Center,tcucuzzapi@mapy.cz,Realbuzz
Tedi,Tixier,3203461903,,,,Oyope
Tedie,Playford,8738858415,,,,Mydeo
Teena,Amdohr,6632466550,6274165314,0120 Evergreen Hill,tamdohr85@51.la,Shufflester
Teirtza,Jimson,3142062610,,,,Omba
Teodor,Upjohn,2609602806,,,,Voomm
Teressa,Slite,7882553758,,,,Gigazoom
Terrill,Poolman,2955022646,,,,Skyvu
Terry,Camelin,5789126587,,,,Skippad
Theo,Pavek,4128743898,,,,Roomm
Theodor,Dallewater,6667280853,,,,Skippad
Tiertza,Lawles,1186741445,,,,Fiveclub
Timmy,Giacoppo,4132623564,1354954208,851 Banding Crossing,tgiacoppoon@arizona.edu,Demimbu
Tish,Pegden,8721580304,,,,Npath
Tish,Swindlehurst,5703634928,3476664941,7459 Pine View Parkway,tswindlehurstjd@patch.com,Lazzy
Tish,Trevain,7781549599,1799081605,91254 Crownhardt Way,ttrevainl4@sohu.com,Mynte
Toddy,Ducker,5612188574,5909355997,83410 Manitowish Trail,tduckerbc@timesonline.co.uk,Voonyx
Tomasine,Meakes,2695995224,,,,Buzzbean
Tomlin,Kimmitt,5997586500,,,,Mydeo
Tonye,Pessler,4431925078,,,,Mydeo
Torie,Moukes,7911256318,,,,Topdrive
Tracy,Eskell,3706586751,8454206634,4 Bay Drive,teskell1p@phpbb.com,Vimbo
Travus,Gottelier,8895276624,8828827056,06056 Service Alley,tgottelierqi@chronoengine.com,Centidel
Trisha,Anstey,1724453639,,,,Wikido
Ty,Fernanando,4242244316,9361795506,57 Barnett Circle,tfernanandooi@adobe.com,Trupe
Ulick,Fettiplace,7486322263,,,,Yamia
Urbain,Sockell,6889277647,7561723253,5914 Clyde Gallagher Lane,usockellis@hexun.com,Jayo
Ursala,Reames,5112289492,,,,Jayo
Vaclav,Guy,3096982913,9166703515,49556 Linden Hill,vguyb0@amazon.co.jp,Quamba
Valerie,Trevett,5852413234,,,,Yoveo
Vallie,Laboune,9119753068,2127145643,67 Moland Terrace,vlaboune3n@ocn.ne.jp,Tambee
Vanya,Gabbat,2673970771,,,,Photolist
Vanya,Rudkin,9682811110,8981951827,2265 Hallows Terrace,vrudkin1o@newsvine.com,Vimbo
Vasili,Chyuerton,9661857089,2399871696,6 Fuller Pass,vchyuerton49@unc.edu,Geba
Vasili,Elcome,1603391789,,,,Fanoodle
Venus,Bickerdicke,6858713685,,,,Oyope
Verge,Piborn,5541083373,6991442900,7 Brown Court,vpiborncy@tmall.com,Youbridge
Vergil,Treasaden,4889004061,,,,Zoomzone
Veriee,Cowill,7153280734,3201687694,287 Oak Terrace,vcowillj7@irs.gov,Meezzy
Veronika,Scruton,7686203833,6523591189,80 Ridgeview Parkway,vscrutonrc@wired.com,Linklinks
Veronike,Devereux,6958863911,,,,Feedfish
Vi,Luce,4408930719,1637448165,7344 Monica Point,vluce3f@networksolutions.com,Roomm
Vickie,Milson,2974100985,,,,Eire
Vida,Leads,4223607987,7486633760,7 Prairieview Alley,vleadsjz@irs.gov,Kwinu
Vin,Baffin,6459906195,,,,Tazz
Vin,Tatlowe,9455235709,3924074341,93 4th Center,vtatlowefr@soup.io,Topicware
Vincents,Lade,5164057462,2326603592,9 1st Drive,vlade5f@cbsnews.com,Oyope
Vinita,Martt,5111364710,,,,Meezzy
Vinnie,Gregorin,1329613050,,,,Twitterlist
Violante,Gilmartin,6169807763,2687660281,94 Caliangt Parkway,vgilmartin5j@bloomberg.com,Bubblemix
Vivian,Sirr,4669731842,,,,Talane
Vladamir,Bussell,3695619904,,,,Fivechat
Vonni,Corson,4164872850,,,,Vimbo
Vyky,Sivil,8004730300,1261401277,13 Vera Street,vsivilf0@reference.com,Youopia
Waiter,Petzolt,5451441248,2582513723,2 Summer Ridge Place,wpetzoltdr@washingtonpost.com,Photobean
Walden,Fenton,6395815639,,,,Realblab
Walker,Suermeiers,7896178060,,,,Yotz
Wallace,Depka,9513910817,8838469995,296 Bultman Alley,wdepka87@buzzfeed.com,Bubbletube
Welsh,Esche,9401071604,3214284608,604 Morningstar Parkway,weschel9@msn.com,Voolith
Wendi,Roubay,4253518827,4684950752,578 Bobwhite Crossing,wroubayql@mapy.cz,Jaxspan
Westbrooke,Perrott,9341280891,1271098447,23854 Golf Avenue,wperrottcu@biblegateway.com,Aivee
Westleigh,Marlowe,8651665897,8473560930,22470 5th Place,wmarlowe2c@google.fr,Flipopia
Whitby,Sinnott,5496554397,2436456356,0 Namekagon Trail,wsinnottq7@topsy.com,Browsedrive
Wilburt,Dimanche,8469930749,,,,Zoombox
Wilburt,Mayberry,1659264816,6105917316,73 Dapin Parkway,wmayberry7t@xrea.com,Oloo
Willow,Vauls,7829864126,,,,Yambee
Wilow,Klausen,7094723958,,,,Linkbridge
Windham,Tawn,7972362151,,,,Tazz
Winifred,Eriksson,8902055392,6634671705,5975 Scofield Place,werikssonba@tripadvisor.com,Voonyx
Wittie,Menendez,9286448879,,,,Topdrive
Wood,Affuso,5268786020,1337049632,06617 Nova Circle,waffusohy@ow.ly,Thoughtstorm
Wright,Jan,6554453862,4687538764,19 Iowa Drive,wjan1m@sakura.ne.jp,Fivechat
Wyndham,Hof,5476478393,4974537108,7905 Boyd Lane,whofc5@alibaba.com,Rhybox
Xaviera,Eliez,6488490203,3799158825,94319 John Wall Junction,xeliezj9@diigo.com,Muxo
Ximenes,Schwand,4232977298,,,,Wikizz
Yettie,Grouer,5868318085,7905555222,17886 6th Road,ygrouerr3@alibaba.com,Wikizz
Ynez,Manchester,2032504495,8929775311,822 Fieldstone Drive,ymanchesterg8@cafepress.com,Centimia
Yorgo,Sleath,3423384503,1842224201,994 Packers Junction,ysleathjy@istockphoto.com,Camimbo
Yoshiko,Pykerman,1673106605,,,,Kwilith
Yovonnda,Shrubsall,7147828080,,,,Wikivu
Zach,Whittington,7359000404,,,,Voonyx
Zachery,Goulbourn,7624512986,,,,Yakijo
Zak,Druett,6858506574,,,,Fivechat
Zena,Shapcott,7419567431,1879587293,83 Meadow Ridge Plaza,zshapcottr1@senate.gov,Zoomzone
Zia,O'Cannan,2718442906,3608933243,56330 Hoard Parkway,zocannanhv@spotify.com,Thoughtstorm
Zollie,Pires,1134421738,7332679256,5 Weeping Birch Road,zpiresoc@amazon.de,Wikivu
Zorine,Alp,7964528491,8592194855,023 Killdeer Parkway,zalp9e@washingtonpost.com,LiveZ
Zulema,Sines,7799853199,4029329438,48427 Hoepker Point,zsines9b@umn.edu,Gevee
hell,Treanor,6125734434,4688469761,7 Green Park,rtreanor0@xrea.com,
